t-shirt name, price, image
Swagat Toh Karo Hamara Half Sleeve T-Shirt,359,
Gym Karo Half Sleeve T-Shirt,247,
Swagat Toh Karo Hamara Half Sleeve T-Shirt,359,
Baap Hoon Tera Full Sleeve T-Shirt,399,
Pehli Fursat Mein Nikal Full Sleeve T-Shirt,284,
Swagat Toh Karo Hamara Full Sleeve T-Shirt,399,
Dost Mujhe Sudharne Nahi Dete Half Sleeve T-Shirt,359,
Gym Karo Full Sleeve T-Shirt,292,
Dost Mujhe Sudharne Nahi Dete Full Sleeve T-Shirt,399,
Safarnama Full Sleeve T-Shirt,292,
Dimaag Garam Half Sleeve T-Shirt,251,
Dost Mujhe Sudharne Nahi Dete Half Sleeve T-Shirt,359,
Time Aayega Full Sleeve T-Shirt,292,
Sirf Dost Half Sleeve T-Shirt,269,
Dost Mujhe Sudharne Nahi Dete Full Sleeve T-Shirt,399,
Wait And Watch Full Sleeve T-Shirt,284,
Firse Pyaar Full Sleeve T-Shirt,399,
Apna Time Ayega Full Sleeve T-Shirt,292,
Baap Hoon Tera Half Sleeve T-Shirt,359,
Zindagi Badi Honi Chahiye Half Sleeve T-Shirt,359,
Haq Se Back Bencher Full Sleeve T-Shirt,399,
Hamesha Late Half Sleeve T-Shirt,359,
Zindagi Badi Honi Chahiye Half Sleeve T-Shirt,359,
Pehli Fursat Mein Nikal Half Sleeve T-Shirt,284,
Zindagi Badi Honi Chahiye Full Sleeve T-Shirt,399,
Magarmach Half Sleeve T-Shirt,359,
Zindagi Badi Honi Chahiye Full Sleeve T-Shirt,399,
Cute Shaanti Full Sleeve T-Shirt,284,
Ek Engineer Hoon Half Sleeve T-Shirt,426,
Magarmach Full Sleeve T-Shirt,399,
Chill Elements Full Sleeve T-Shirt,399,
Cute Shaanti Half Sleeve T-Shirt,246,
Rok Sako Toh Rok Lo Bike Half Sleeve T-Shirt,359,
Pehli Fursat Mein Nikal Half Sleeve T-Shirt,284,
Cute Shaanti Full Sleeve T-Shirt,284,
Aur Kitna Pressure Full Sleeve T-Shirt,399,
Cute Shaanti Half Sleeve T-Shirt,246,
Pehli Fursat Mein Nikal Half Sleeve T-Shirt,202,
Musafir Doodle Half Sleeve T-Shirt,359,
Pehli Fursat Mein Nikal Full Sleeve T-Shirt,292,
Haq Se Back Bencher Half Sleeve T-Shirt,359,
Hamesha Late Full Sleeve T-Shirt,399,
Ek Engineer Hoon Full Sleeve T-Shirt,399,
Musafir Doodle Half Sleeve T-Shirt,359,
Bholenaath Full Sleeve T-Shirt,308,
Jai Hind Doston Half Sleeve T-Shirt,359,
Chill Elements Half Sleeve T-Shirt,359,
Jai Hind Doston Half Sleeve T-Shirt,359,
Musafir Doodle Full Sleeve T-Shirt,399,
